Filename,Run Count,Last Run Date
"F:\FILES&FOLDERS\线性代数习题精选解_12396935.pdf",5,132310424604330279
"E:\WEB\nmap",4,132294962149740395
"E:\WEB\scapy-网络攻击",3,132301916345108683
"F:\计网实验\计网实验1",3,132295826629075204
"F:\计网实验\计网实验4",3,132295819920817606
"F:\计网实验\计网实验3",3,132295410081392162
"E:\个人CTFTools\个人CTFTools\Web\超级SQL注入工具【SSQLInjection】V1.0 正式版 20180421\超级SQL注入工具使用说明书V20180422.docx",3,132295080446234891
"E:\kali教程\(18)metasploit基础_转.rar",3,132294402820836461
"F:\FILES&FOLDERS\大创报销",2,132315176676158203
"F:\FILES&FOLDERS\报销单.xlsx",2,132315176179753986
"F:\1python学习与技术\图像处理与加密\颜值预测v2",2,132307167136113834
"C:\Users\Asymptotic_freedom\AppData\Roaming\Microsoft\Windows\Recent\scapy-网络攻击.lnk",2,132301317555312651
"F:\计网实验\计网实验5",2,132299723970769418
"F:\PHP学习\《零基础学PHP》全彩版.pdf",2,132295082814914453
"E:\个人CTFTools\个人CTFTools\取证\推荐书籍\网络安全-取证与蜜罐.pdf",2,132295028902778327
"F:\FILES&FOLDERS\电子取证复习\linux取证\linux常用命令.txt",2,132294492093413670
"F:\计网实验\计网实验2",2,132293539575459040
"D:\PentestBox\bin\nmap\winpcap-nmap-4.13.exe",2,132293252119700196
"C:\Users\Asymptotic_freedom\AppData\Roaming\Typora\draftsRecover\2020-3-28 typora中文手册 004547.md",1,132309703650432586
"E:\WEB渗透学习\share（共享）\文档资料-pdf\提问的智慧.pdf",1,132308153636835418
"F:\1python学习与技术\图像处理与加密\Python进行颜值预测",1,132307167070786648
"F:\1python学习与技术\图像处理与加密\Python进行颜值预测\皮卡丘\Python进行颜值预测",1,132307166911194633
"C:\Users\Asymptotic_freedom\Desktop\数据库\操作系统",1,132302690203198493
"C:\python36\Lib\site-packages\scapy",1,132301989809065802
"E:\MISC\hex提取图片",1,132301963834804627
"E:\WEB渗透学习\share（共享）\软件工具\dos工具\pentmenu-master",1,132301080035258117
"F:\FILES&FOLDERS\SpeedTestPro",1,132299668054685588
"C:\Users\Asymptotic_freedom\Desktop\BurpSuite-collections-master\img\登上GitHub的trending截图纪念.png",1,132299659863604058
"F:\神经网络\神经网络",1,132299657157465435
"F:\神经网络\.vs\神经网络",1,132299657128532857
"C:\Users\Asymptotic_freedom\Desktop\网络攻防实验\ArpPoison\Lab_ARP_Attack.docx",1,132299504665938479
"C:\Users\Asymptotic_freedom\Desktop\~$b_ARP_Attack.docx",1,132299504554481510
"E:\MISC\各种格式的文件头文件尾.doc",1,132298855850545609
"F:\FILES&FOLDERS\网络舆论分析\线性回归",1,132298731482919755
"C:\Users\Asymptotic_freedom\Desktop\操作系统\实验作业\lab1",1,132296813943703192
"E:\kali教程",1,132296715884490611
"E:\kali linux",1,132296715739714791
"C:\Users\Asymptotic_freedom\AppData\Roaming\Microsoft\Windows\Recent\kali教程.lnk",1,132296715605560937
"C:\Users\Asymptotic_freedom\Desktop\操作系统\实验楼操作系统实验.url",1,132296613846183024
"E:\WEB\scapy-网络攻击\scapy-scripts-master",1,132296047740008449
"C:\Users\Asymptotic_freedom\Desktop\网络攻防实验\3.17课堂实践练习\scapy练习",1,132296047693523140
"D:\MyBlog\source\_posts\计网实验4",1,132295819839089402
"C:\ProgramData\Microsoft\Windows\Start Menu\Programs\JetBrains\PyCharm 2019.3.3.lnk",1,132295397062212939
"D:\Program Files\JetBrains\PyCharm 2019.3.3\bin\pycharm64.exe",1,132295396983729182
"C:\Users\Asymptotic_freedom\AppData\Local\Temp\vmware-渐近自由\VMwareDnD\a844e0db\SocialFish",1,132295372714066225
"C:\桌面图标\WORKLIFE\TrafficMonitor.exe.lnk",1,132295290373435593
"E:\手机端\安卓手机hacker工具",1,132295141074105699
"F:\FILES&FOLDERS\电子取证复习\linux取证\黑客常用linux入侵常用命令.url",1,132295135807775165
"C:\Users\Asymptotic_freedom\AppData\Roaming\Microsoft\Windows\Recent\超级SQL注入工具使用说明书V20180422.docx.lnk",1,132295080333977306
"C:\Users\Asymptotic_freedom\AppData\Roaming\Microsoft\Windows\Recent\超级SQL注入工具【SSQLInjection】V1.0 正式版 20200209.zip.lnk",1,132295080265868565
"F:\1python学习与技术\微信助手\Python_微信好友_GIF\imgs\心已成海未蓝.png",1,132295072432614691
"E:\WEB渗透学习\share（共享）\文档资料-pdf\Cobalt Strike DLL用于永恒之蓝注入.pdf",1,132295071999430824
"E:\WEB\中国菜刀  webshell、一句话后门",1,132294837043713547
"E:\WEB渗透学习\share（共享）\渗透工具-webshell\war_tomcat_jboss_webshell_大马.zip",1,132294836880763821
"D:\Program Files\眼镜蛇扫描器v2.3\配置文件\漏洞\零日漏洞爆密码oday高效率拿webshell.txt",1,132294836772775146
"C:\Users\Asymptotic_freedom\AppData\Roaming\Microsoft\Windows\Recent\计网实验5.lnk",1,132294603169488877
"E:\WEB\metasploit frame\metasploit漏洞扫描.pdf",1,132294458637954660
"E:\WEB\metasploit frame\metasploit漏洞利用.pdf",1,132294458448452140
"C:\Users\Asymptotic_freedom\Desktop\网络攻防\Metasploit渗透测试魔鬼训练营.pdf",1,132294406297323108
"E:\Tools\数据库工具\Navicat_for_SQLServer_11.1.13_XiaZaiBa.zip",1,132294075098436536
"F:\Edge download\数据库管理助手.exe",1,132294048709570265
"D:\MyBlog\source\_posts\计网实验3",1,132293565778762487
"C:\Users\Asymptotic_freedom\AppData\Roaming\Microsoft\Windows\Recent\计算机网络实验报告二.lnk",1,132293540285812275
"C:\Windows\WinSxS\amd64_microsoft-windows-commandprompt_31bf3856ad364e35_10.0.18362.449_none_e0e8cad8abf2b6f7\cmd.exe",1,132293498717746557
"C:\hp\bin\cmd.exe",1,132293498549992359
"D:\Program Files\Tenable\Nessus",1,132293365947559218
"C:\Program Files\Npcap",1,132293253114380220
"D:\Program Files\JetBrains\IntelliJ IDEA 2019.3.3\jbr\bin\java.exe",1,132293188784258530
"D:\PentestBox\bin\metasploit-framework\data\exploits\CVE-2008-6508\lib\plugin-metasploit.jar",1,132292658507457989
"E:\WEB渗透学习\share（共享）\文档资料-word\Kali渗透测试演练Metasploitable靶机.docx",1,132292657790362314
